{"cameraMode":{"drawMode":0,"name":"Shaded","section":"Shading Mode"},"sceneLighting":false,"audioPlay":false,"sceneViewState":{"showFog":true,"showMaterialUpdate":false,"showSkybox":false,"showFlares":true,"showImageEffects":true,"showParticleSystems":true},"in2DMode":false,"pivot":{"x":16.242794036865236,"y":1.308872938156128,"z":4.078051567077637},"rotation":{"x":-0.2586923837661743,"y":0.3054629862308502,"z":-0.08661793172359467,"w":-0.9122915863990784},"size":14.267147064208985,"orthographic":false}